customer_id,churn_probability
263460,0.732726
235263,0.803112
228584,0.893373
205034,0.960072
202747,0.896943
231441,0.969708
229176,0.919683
229758,0.86312
232679,0.987535
267492,0.995754
220139,0.996342
214219,0.885002
256647,0.973614
201819,0.985329
245223,0.848298
229678,0.866615
267412,0.992475
245336,0.990965
243582,0.862121
255490,0.996458
234154,0.95969
252176,0.82015
207747,0.93695
257268,0.982524
222016,0.965541
233853,0.989063
213818,0.926137
262619,0.929732
214561,0.908171
272198,0.964783
205574,0.9361
209661,0.750211
237688,0.911015
232199,0.974209
209826,0.909998
202770,0.969296
227073,0.87024
254877,0.915312
203223,0.921288
223323,0.979147
267944,0.97562
215403,0.958344
242706,0.975996
206868,0.721514
202010,0.843199
219056,0.974514
269627,0.907465
239889,0.989116
255580,0.878246
228465,0.910432
238473,0.984112
218489,0.724181
264474,0.893359
205051,0.855729
218406,0.961729
248024,0.994894
218332,0.926778
241986,0.787139
262749,0.987891
271760,0.972643
228965,0.831852
201364,0.989138
269474,0.706633
238678,0.936078
265941,0.977932
221185,0.912177
263728,0.918182
230558,0.725753
260725,0.940876
208673,0.991467
225428,0.9559
261512,0.905258
266557,0.997659
208004,0.814504
208751,0.989712
210651,0.988571
243954,0.893562
219994,0.719403
255505,0.970008
240535,0.982711
232030,0.971216
234791,0.961064
242541,0.995983
200131,0.966982
254982,0.990969
221189,0.744874
234086,0.925145
225540,0.992419
203798,0.917762
265774,0.977503
244755,0.824109
244627,0.971465
260392,0.926188
202908,0.891186
216111,0.766655
224704,0.791008
238927,0.979043
264599,0.901966
211659,0.935842
200619,0.897237
231111,0.857215
260163,0.972554
230932,0.936911
248068,0.799213
245373,0.892759
268881,0.776123
250901,0.969885
216337,0.977825
214078,0.956845
205428,0.903285
271572,0.744912
255264,0.92621
244486,0.712846
243654,0.972731
210744,0.835857
200296,0.9844
247855,0.718941
205315,0.757108
228212,0.91833
233911,0.832669
205183,0.94498
250982,0.978815
203101,0.889376
257037,0.871577
203309,0.817717
260008,0.700164
203459,0.854379
210142,0.907911
204063,0.920539
267552,0.923541
201358,0.987761
228028,0.738968
263913,0.941254
239291,0.985509
210835,0.920776
253640,0.978694
236085,0.736377
209771,0.864039
259111,0.916488
261562,0.876328
257303,0.937554
212277,0.937849
267867,0.882354
261927,0.90485
256048,0.788292
268560,0.792818
223778,0.994157
215702,0.995268
204623,0.843466
212322,0.984329
205174,0.898109
240117,0.796477
200243,0.736705
264967,0.873049
239790,0.991117
222313,0.876262
239660,0.99185
265694,0.924361
229864,0.945452
230202,0.97588
247450,0.982631
260872,0.70799
239231,0.918415
233259,0.982802
239255,0.871639
215761,0.787201
241904,0.829186
243605,0.845325
274401,0.880027
226774,0.987777
214625,0.92579
253523,0.980237
236616,0.947778
229213,0.997495
259318,0.971422
208737,0.916834
243471,0.989638
234205,0.90339
208210,0.991063
203666,0.992967
216766,0.988249
258617,0.737179
238224,0.967653
266878,0.71856
231006,0.958797
232564,0.944332
217842,0.978636
257895,0.820015
246281,0.997519
202490,0.868876
227660,0.913155
210370,0.906997
226886,0.932583
222423,0.924589
254171,0.980983
223250,0.952244
266138,0.992189
258323,0.929814
257264,0.868134
262235,0.923914
265341,0.902395
222153,0.725363
212172,0.983634
211901,0.992078
215164,0.911014
209040,0.98189
248403,0.775917
271102,0.829935
266067,0.960537
242980,0.946929
251216,0.98563
258688,0.905807
271933,0.881769
241517,0.906303
227597,0.932246
237170,0.883266
243329,0.987571
265258,0.75105
231181,0.943752
212905,0.912102
260189,0.70785
225786,0.904092
251505,0.989763
226147,0.780062
220634,0.814069
221197,0.864617
200614,0.920891
218330,0.731897
269497,0.775642
259003,0.955662
264868,0.740104
229924,0.808352
260410,0.715558
259823,0.958546
234304,0.989068
253719,0.98019
247333,0.789536
246986,0.979108
210983,0.711937
267467,0.972625
213613,0.896567
234345,0.915682
245493,0.979464
245089,0.916199
234459,0.834535
216220,0.956707
257584,0.770191
213601,0.868474
249370,0.836655
252601,0.99302
212724,0.930288
249155,0.852121
204005,0.948914
253789,0.870506
248337,0.962997
228258,0.99644
252669,0.984446
202998,0.987819
226919,0.77922
205537,0.764721
248351,0.982313
227023,0.815232
212566,0.890425
207699,0.878471
268781,0.827435
272053,0.812214
259591,0.925244
247977,0.979887
215888,0.919929
269638,0.892488
200840,0.893818
209576,0.903684
265985,0.839879
200832,0.900938
248158,0.768811
222462,0.810051
244472,0.047001
238413,0.023618
223284,0.037469
226188,0.016667
221158,0.093948
267806,0.014662
254650,0.129566
212934,0.042591
215730,0.013931
218472,0.081052
257075,0.245949
200211,0.012898
237410,0.000491
257799,0.018182
203083,0.003902
206339,0.006955
200222,0.004192
264490,0.282556
205541,0.006682
245476,0.022693
251225,0.066428
261387,0.00649
273503,0.018791
248015,0.11967
212415,0.013446
221129,0.097247
246476,0.249017
257658,0.002738
245880,0.08928
209279,0.039054
264421,0.098995
208097,0.097563
241235,0.000462
250488,0.017477
259180,0.09943
263819,0.016586
226934,0.124744
271719,0.011368
223814,0.077961
247117,0.255066
269995,0.097038
258940,0.111692
255058,0.022238
225406,0.037624
241860,0.043253
209811,0.085091
221615,0.003756
257728,0.014863
232004,0.079143
241289,0.018125
241805,0.008373
256499,0.094446
227574,0.117617
263839,0.120772
264707,0.120056
234844,0.016939
272056,0.090373
257455,0.139652
252702,0.106762
210916,0.269213
273787,0.034872
250994,0.018006
229205,0.039772
228213,0.004354
273370,0.012587
200246,0.083846
232065,0.036221
263855,0.017341
249062,0.060802
243833,0.232594
253909,0.071846
221676,0.101022
239950,0.115632
269390,0.069583
215649,0.015665
208599,0.100285
225344,0.116549
210533,0.114348
274769,0.130613
215773,0.098539
226649,0.048519
256818,0.019029
225427,0.014002
217614,0.090497
227313,0.115727
200896,0.1095
202162,0.01124
208501,0.229054
262372,0.084211
203304,0.019904
211342,0.119069
236757,0.002626
229361,0.126497
213214,0.025951
203234,0.061499
237220,0.01563
265737,0.134508
254764,0.087042
231454,0.017439
261263,0.125212
274059,0.020052
204095,0.292796
207832,0.094471
229614,0.03599
248450,0.017049
219138,0.115312
201620,0.077812
265003,0.103475
202407,0.018571
265526,0.035511
268309,0.019679
232913,0.028001
265512,0.059558
258699,0.176956
262281,0.094746
221420,0.003231
258114,0.017169
227088,0.121399
218790,0.121046
247235,0.018775
221156,0.018483
235436,0.020539
216888,0.13641
222809,0.037901
233795,0.041649
234437,0.267261
225378,0.240727
267041,0.015133
251904,0.074726
214992,0.10889
215407,0.024593
246359,0.05913
237111,0.003972
271802,0.005231
218962,0.091839
249050,0.247986
212465,0.135564
202088,0.106163
233541,0.019003
262923,0.10723
225001,0.093183
252160,0.02053
254506,0.013359
244685,0.166803
223804,0.002532
217793,0.051189
208848,0.006091
239035,0.0034
264520,0.003027
263805,0.013572
251863,0.091228
247507,0.004339
249466,0.018093
209718,0.007438
209638,0.185024
204751,0.052869
222227,0.057022
224434,0.12327
262074,0.230523
250231,0.011802
212021,0.003455
261058,0.129945
254977,0.101457
234231,0.030429
250162,0.249982
214294,0.114505
234741,0.007064
229570,0.232986
229228,0.004181
246040,0.093183
205166,0.019187
238022,0.01829
231988,0.135086
252215,0.101316
214511,0.007784
256784,0.054905
228847,0.004042
228004,0.09113
235270,0.003954
261877,0.071986
232691,0.086488
241086,0.001632
258628,0.017835
222662,0.152689
217936,0.01454
206481,0.11662
265689,0.110814
223825,0.015163
244129,0.129045
218941,0.019825
200029,0.001047
218290,0.002784
239705,0.092842
268236,0.03287
247210,0.0058
235298,0.111187
216342,0.036764
217725,0.106195
222659,0.015615
216801,0.00045
224233,0.004992
252618,0.15517
205011,0.016351
202127,0.092132
268136,0.012707
211937,0.104023
261552,0.249166
206272,0.013195
265366,0.025469
235672,0.093676
266444,0.024677
233454,0.087557
212149,0.113249
208407,0.114074
254189,0.040532
206650,0.047565
229674,0.217446
273098,0.250793
217945,0.016677
226924,0.132512
240426,0.03788
269689,0.006794
200773,0.086328
206687,0.018565
203124,0.11562
204716,0.013252
256017,0.013489
273819,0.081752
220455,0.092557
254613,0.11504
211653,0.002749
250733,0.037326
248679,0.231424
218949,0.007017
252433,0.098201
272830,0.101364
264434,0.042683
245219,0.094995
207118,0.099176
217393,0.120795
258535,0.121553
252223,0.018017
236318,0.105156
249371,0.077105
208108,0.141297
215402,0.014037
200639,0.003903
226296,0.002745
252779,0.003838
260703,0.019859
237554,0.120637
256053,0.101826
266898,0.143305
251105,0.118906
224425,0.282622
267906,0.03472
239360,0.02089
206424,0.00058
272751,0.016615
267360,0.004218
269352,0.017796
255112,0.271241
265412,0.004271
261744,0.10128
262313,0.021511
215955,0.298314
229709,0.109435
264260,0.002269
210710,0.036596
233281,0.118632
230184,0.016804
224108,0.018818
247244,0.021295
274003,0.021375
274849,0.017442
258008,0.101098
245233,0.017068
212985,0.004448
272577,0.016361
246357,0.131403
227423,0.007
254797,0.292383
214210,0.016335
241370,0.26052
226818,0.124986
262320,0.002184
231985,0.014164
259456,0.015387
238929,0.143486
256385,0.262698
274023,0.075913
269941,0.142524
258319,0.130131
232224,0.043029
225979,0.093663
264990,0.04694
246909,0.037459
203854,0.134
200702,0.251338
232758,0.018112
233297,0.060019
239564,0.269767
266940,0.044447
233576,0.002642
244073,0.01926
212844,0.015202
222245,0.000472
226131,0.002071
230723,0.003501
249627,0.000704
236164,0.109992
211487,0.107447
227791,0.124484
221533,0.015046
219608,0.013428
257366,0.016523
215427,0.006433
216916,0.120943
211549,0.095946
238601,0.114946
259993,0.003943
238141,0.038788
221018,0.003921
227964,0.00807
215706,0.120732
218308,0.026044
228217,0.246261
208508,0.041127
257443,0.101815
244444,0.036647
273440,0.00869
209164,0.137196
228432,0.116811
230198,0.140423
268346,0.004002
223945,0.016804
244873,0.013513
202104,0.098849
213698,0.016654
209927,0.086098
227276,0.034561
263597,0.082947
254094,0.018717
245183,0.12494
243193,0.102392
252336,0.014646
251422,0.121573
210544,0.015195
247822,0.004046
273690,0.007659
207813,0.02045
272940,0.11737
240159,0.018828
229867,0.093353
211474,0.022992
259906,0.016617
210942,0.005118
263809,0.145116
243403,0.004231
230962,0.11355
222159,0.036693
250036,0.009273
224634,0.152123
216117,0.12728
254194,0.118292
247093,0.016586
262934,0.002279
248808,0.0157
266272,0.027598
258359,0.002751
244400,0.01638
210020,0.017866
273637,0.007342
207138,0.089625
231333,0.11664
262116,0.249977
256296,0.01511
239091,0.006104
250139,0.046728
244918,0.013973
207664,0.009015
250305,0.085467
267971,0.011355
202207,0.059034
259593,0.28697
272343,0.000593
235128,0.115863
269903,0.011659
213714,0.04251
271566,0.276542
228045,0.168228
232993,0.04143
200564,0.001561
266003,0.002814
220605,0.000822
207411,0.015254
254570,0.016387
253812,0.001646
238396,0.016387
200878,0.007294
246280,0.006831
236629,0.116306
242526,0.098148
229527,0.018006
213665,0.018421
231472,0.020097
259230,0.159731
204772,0.114362
266310,0.128486
240290,0.016019
272699,0.114912
218254,0.105026
202263,0.016855
231527,0.005973
254453,0.250795
214521,0.112745
229055,0.110037
250569,0.004118
267413,0.002685
263225,0.129833
253711,0.112514
213755,0.018361
209180,0.085577
201697,0.017753
217388,0.081752
226222,0.117458
220847,0.117458
221665,0.056734
250526,0.121608
252090,0.002047
221492,0.026089
259586,0.082969
273209,0.077156
200204,0.105086
255963,0.000921
271717,0.004037
251537,0.033864
221251,0.119353
225016,0.020838
274725,0.017149
212717,0.023078
214734,0.003888
239297,0.001165
229284,0.003948
258954,0.095014
258804,0.004225
264188,0.105625
203335,0.083934
228378,0.119163
263721,0.01829
225849,0.237748
231373,0.073876
250008,0.118946
252389,0.122864
258640,0.015856
253745,0.002773
260248,0.004166
203604,0.019296
232650,0.002487
259488,0.01985
202604,0.119479
235651,0.016586
234920,0.134874
225657,0.003946
206573,0.04735
271185,0.274864
224081,0.013774
203704,0.084383
202286,0.125341
270217,0.001795
235269,0.087677
201139,0.065703
235113,0.27066
219471,0.01805
207843,0.092947
257404,0.041782
246345,0.132409
246397,0.018272
219054,0.137858
215786,0.00431
265042,0.018766
261068,0.000458
222260,0.115981
206155,0.000702
207827,0.11222
203417,0.000492
229170,0.116306
251484,0.12327
217491,0.110359
228640,0.076004
217013,0.130753
255827,0.066839
203014,0.03388
212206,0.016545
212570,0.101129
216249,0.268124
220864,0.000521
245634,0.099385
202148,0.115694
231052,0.000685
267038,0.016769
274753,0.129983
264432,0.006385
251084,0.134232
251841,0.068039
222734,0.019117
254214,0.036089
213903,0.012124
272882,0.225387
209778,0.124593
227325,0.289147
247694,0.000528
242710,0.003738
226308,0.22638
241124,0.00058
203555,0.004752
268587,0.12611
200274,0.025623
257429,0.11735
235413,0.219048
230777,0.00392
249297,0.090595
222269,0.01808
251147,0.036141
234571,0.018204
240987,0.000894
236753,0.120063
223871,0.018316
225251,0.016141
218015,0.076007
215576,0.144268
247231,0.039514
268221,0.004214
212035,0.004385
259458,0.06365
203875,0.092827
238919,0.164854
236314,0.08261
213390,0.096265
209660,0.004524
272638,0.015225
225905,0.018765
264121,0.018182
210640,0.01848
256416,0.022906
215484,0.089348
203601,0.028268
258901,0.018035
231348,0.000451
239754,0.017879
246339,0.094405
215462,0.019705
248659,0.045352
271613,0.062314
216204,0.242985
270860,0.003549
253998,0.1193
268327,0.025547
274442,0.021117
249337,0.261317
264290,0.087031
205025,0.225048
211153,0.242991
256696,0.105934
219505,0.016131
232537,0.112363
242743,0.100379
203686,0.002232
228239,0.004334
225601,0.081241
265777,0.097805
253846,0.017939
237589,0.115016
223427,0.002562
231733,0.035902
261853,0.012921
219559,0.101607
270360,0.002771
225257,0.003831
247654,0.002201
228062,0.01829
255196,0.014258
244605,0.252113
212648,0.122331
235024,0.02318
225029,0.129775
244452,0.057923
229347,0.226861
266450,0.01829
269090,0.099463
201997,0.003891
216058,0.014027
225881,0.00081
269222,0.004002
274621,0.124959
270761,0.018606
201919,0.040511
242419,0.127625
216211,0.005526
268944,0.016387
245836,0.236222
263191,0.13399
237500,0.102602
237442,0.000523
250010,0.124057
223240,0.105165
242085,0.120033
243199,0.042811
246730,0.120768
233553,0.015772
212161,0.108689
222629,0.016908
252893,0.004529
269163,0.006847
243351,0.004206
260113,0.114554
216583,0.129537
265899,0.022608
228276,0.002643
212721,0.070452
226899,0.104122
256205,0.011016
215400,0.00273
207583,0.002522
210013,0.004196
257532,0.105204
221730,0.014413
271008,0.015669
213994,0.025395
239432,0.114946
237553,0.019764
237007,0.01639
220994,0.111796
252809,0.128507
225070,0.114946
249852,0.027367
224471,0.014969
256533,0.014443
201353,0.014716
272310,0.013667
225860,0.108107
237712,0.091112
218019,0.015591
272858,0.018592
258157,0.00386
225017,0.094594
263631,0.018112
240647,0.028403
252054,0.01573
235444,0.09704
206442,0.119215
223151,0.09231
209103,0.037412
205342,0.112749
244906,0.004122
265569,0.109518
269318,0.003296
234230,0.089764
244229,0.265634
230149,0.12446
200700,0.070713
260184,0.002678
259635,0.002356
204077,0.014168
205313,0.281929
207653,0.043103
248034,0.002518
273071,0.01778
238033,0.026118
258907,0.095971
229523,0.002272
272738,0.122357
224834,0.08913
254351,0.011768
231802,0.007064
268501,0.038827
227124,0.119548
239142,0.092008
271461,0.001341
255390,0.110003
238146,0.031247
248731,0.017109
267712,0.003909
274759,0.179973
239546,0.26358
253025,0.065775
210729,0.038684
200188,0.014838
260311,0.019282
207825,0.016836
230433,0.006745
256845,0.002606
262000,0.011725
264825,0.124545
212340,0.017407
253402,0.00046
260428,0.034403
227493,0.502
238831,0.451274
231545,0.563284
215441,0.549689
268719,0.590976
200988,0.506146
265309,0.695866
216334,0.51551
250523,0.589167
222210,0.326033
240370,0.506512
259107,0.487254
237028,0.493283
254653,0.558449
217984,0.545708
201699,0.480611
214550,0.424683
223136,0.384129
216744,0.349955
227336,0.494388
238323,0.529801
227051,0.474335
222362,0.478242
223797,0.447191
226805,0.504458
238436,0.455738
239105,0.509383
259965,0.474736
213772,0.433776
233221,0.512105
242217,0.415704
252828,0.461198
256038,0.579521
233098,0.476135
231786,0.566596
274765,0.416746
258908,0.43039
249574,0.606067
205390,0.504815
221255,0.542477
216911,0.617647
259715,0.601715
244595,0.540512
239248,0.454347
205295,0.521933
225552,0.530335
231936,0.472417
260097,0.52284
226283,0.533637
266257,0.507511
218272,0.51598
258799,0.59235
236647,0.495793
221186,0.40751
200106,0.560594
233332,0.428148
202315,0.455736
234163,0.497633
243765,0.411089
265182,0.608467
203295,0.429627
220877,0.464873
200184,0.441467
215570,0.542319
210088,0.357641
261729,0.612472
218468,0.669668
268649,0.443673
252304,0.530798
260487,0.497572
248397,0.514289
270329,0.514339
203958,0.454825
263633,0.487061
264700,0.48354
245190,0.508722
269557,0.57438
250544,0.450983
269823,0.479139
258735,0.479447
267742,0.528551
266166,0.582038
260517,0.378622
220167,0.559018
213796,0.502426
257265,0.489561
200470,0.529851
250538,0.490822
274910,0.445082
252424,0.506268
247503,0.476115
200482,0.478578
260821,0.472545
220085,0.509073
266008,0.352969
207297,0.488691
218990,0.485055
268839,0.636451
248718,0.405831
217443,0.528126
231513,0.49198
243982,0.50852
243812,0.688573
204641,0.449416
248634,0.58462
272683,0.488265
234003,0.477931
231824,0.57326
209898,0.508455
208230,0.518303
227834,0.578993
218735,0.51017
249893,0.508648
274754,0.692541
252480,0.492875
252097,0.357184
243880,0.574241
214580,0.601756
230333,0.515794
207711,0.310023
246018,0.534148
274853,0.514577
272231,0.508521
247137,0.585467
202959,0.524164
220187,0.572735
234973,0.507803
268510,0.585517
246069,0.39131
212199,0.50468
252727,0.503155
257309,0.49344
223212,0.515236
225835,0.403128
230590,0.51804
244741,0.599306
217964,0.551099
219313,0.478666
214599,0.484122
251010,0.527016
227540,0.459817
241882,0.492135
228806,0.51704
243646,0.530252
214259,0.440097
253519,0.488145
233818,0.506804
239235,0.408183
222049,0.487933
260298,0.520108
243114,0.577139
243043,0.486111
235818,0.564988
274667,0.524208
269104,0.488201
239268,0.50372
219959,0.422269
223429,0.553198
259223,0.307213
202627,0.402117
239884,0.460602
271491,0.51991
222922,0.521084
269342,0.47584
227615,0.488286
210609,0.693582
258361,0.531591
210411,0.420903
241100,0.548072
236524,0.47655
226057,0.462258
230794,0.600495
210433,0.453911
264031,0.512074
266890,0.498756
250768,0.473079
253080,0.624803
231241,0.383507
205607,0.46212
203476,0.445733
213293,0.684669
215005,0.510846
258770,0.484006
210930,0.494317
212455,0.451202
201467,0.557196
234810,0.61215
203603,0.466509
215421,0.564114
243599,0.393393
218409,0.502873
200276,0.560069
226486,0.606364
209798,0.431136
261546,0.385728
229193,0.498951
259409,0.55848
272185,0.465416
255831,0.460507
235440,0.680885
237524,0.570362
267183,0.495405
219019,0.301937
229910,0.415618
268069,0.524723
212806,0.522606
243334,0.327381
247062,0.681401
230753,0.446252
254029,0.454683
235512,0.512844
245033,0.537904
218708,0.537135
215332,0.599281
238153,0.535611
215535,0.510438
243345,0.53491
206911,0.587535
239989,0.597634
247638,0.515199
264032,0.502387
228546,0.467948
265131,0.643399
221625,0.378035
213625,0.55705
214544,0.472083
231940,0.497166
242067,0.540522
208186,0.476293
218355,0.407047
202487,0.514403
219148,0.535415
201858,0.507439
263665,0.499044
243916,0.413392
253026,0.571474
206246,0.542463
216623,0.526275
263731,0.36421
260320,0.498381
274145,0.58621
234929,0.466367
226584,0.536222
267294,0.462703
270878,0.498677
200205,0.533214
265664,0.499412
274041,0.664305
204129,0.474186
227662,0.530782
203054,0.50365
227191,0.517293
243000,0.63192
209269,0.520061
228651,0.465237
205543,0.496157
205680,0.572143
221202,0.501461
223456,0.517092
243632,0.523879
209132,0.431371
249104,0.493919
205564,0.383756
247045,0.56721
253553,0.496776
263171,0.999102
265954,0.948425
232668,0.995092
236789,0.995858
205639,0.974366
221534,0.952755
227865,0.87022
235028,0.980087
243353,0.82991
213038,0.997657
205056,0.989416
258669,0.997997
263323,0.95169
219680,0.9381
221152,0.959579
242829,0.983103
229920,0.99875
202084,0.993955
240206,0.9844
249151,0.999227
232728,0.991779
211371,0.875233
208477,0.993441
241121,0.973654
215326,0.995861
252309,0.997923
235044,0.898178
223113,0.996603
236462,0.901632
238865,0.99628
241993,0.959814
258460,0.995174
244135,0.992352
254483,0.987587
200377,0.953548
258191,0.774839
273906,0.99517
249547,0.902564
220542,0.978686
228629,0.964583
208093,0.84441
256832,0.704551
266204,0.994924
207670,0.981815
225821,0.921144
230846,0.993967
219625,0.983365
243611,0.803559
263357,0.871147
271986,0.984542
266174,0.955659
238216,0.952545
259608,0.872791
217969,0.953395
235897,0.994107
216326,0.978174
274458,0.95794
266848,0.971267
219597,0.876639
204572,0.902779
237856,0.997388
244242,0.903255
264915,0.996257
257965,0.972986
226124,0.995355
243160,0.956601
208879,0.879204
201028,0.949998
222714,0.986546
239966,0.992876
272968,0.995215
274561,0.983643
213356,0.983337
207424,0.947574
222238,0.876276
252490,0.884238
206215,0.980864
270759,0.986828
246518,0.869369
217225,0.963242
238034,0.942715
216896,0.787991
270186,0.980406
261320,0.879526
241768,0.979934
261784,0.977364
254407,0.755722
243729,0.997549
242876,0.965801
229635,0.796234
224937,0.903483
245039,0.791869
238023,0.719529
209011,0.993742
246222,0.979564
244944,0.960422
202635,0.836969
203115,0.972349
250667,0.993921
249700,0.991675
273221,0.889531
204645,0.947578
233607,0.984283
214684,0.978525
219871,0.958742
245001,0.847203
256468,0.982747
237893,0.971677
209910,0.911031
227359,0.990138
236952,0.999287
270460,0.974213
229736,0.976671
241532,0.711547
228891,0.864428
243499,0.890326
229348,0.999265
228147,0.935368
212741,0.901665
243928,0.96743
232760,0.982559
204977,0.989509
251534,0.885595
224783,0.977963
231253,0.996143
273158,0.997508
255361,0.998749
201850,0.998913
258412,0.701255
207868,0.865343
244070,0.914667
237318,0.995614
218120,0.973813
216669,0.900442
224260,0.991268
210469,0.987419
229254,0.840462
249874,0.996294
224441,0.890235
234372,0.977077
216420,0.987056
271202,0.982441
209676,0.992829
262270,0.981265
257759,0.996717
213803,0.995614
265150,0.88248
273977,0.981138
209381,0.909236
245797,0.972737
254897,0.98461
253542,0.863583
251330,0.832009
216921,0.996222
243437,0.976233
224516,0.982089
249921,0.955229
252515,0.885854
256262,0.87765
240989,0.989423
257152,0.981053
261809,0.885395
205641,0.998548
206745,0.983972
254266,0.981725
216723,0.886042
213627,0.998176
257837,0.846758
260661,0.997382
217137,0.936113
254523,0.981562
205283,0.866237
228491,0.902235
235419,0.979583
227262,0.902235
228613,0.980766
251605,0.876189
254030,0.996063
227678,0.903409
227136,0.985841
245007,0.889797
218966,0.770399
232364,0.998849
255071,0.940886
233398,0.838612
235898,0.846897
202386,0.982611
261793,0.984167
242645,0.981548
230243,0.999094
273011,0.994576
203612,0.976768
212411,0.938071
273119,0.973951
237005,0.902314
209629,0.999097
202110,0.998445
235073,0.983137
268970,0.995594
270808,0.957255
247261,0.874271
238398,0.982411
209749,0.785336
233624,0.992823
251581,0.962344
239000,0.780367
258690,0.974336
205755,0.980782
229151,0.95223
217224,0.953663
201103,0.990564
252178,0.996945
230799,0.899786
247648,0.988457
266892,0.994814
245217,0.993892
244631,0.996749
213581,0.978868
234878,0.998812
222489,0.997271
258425,0.985668
260306,0.981473
205003,0.979202
265883,0.871691
233815,0.976671
272122,0.88248
229987,0.891845
212586,0.820396
236726,0.954896
216883,0.979557
221360,0.906264
246407,0.980663
273811,0.981527
219236,0.897405
201807,0.948111
270478,0.961695
233768,0.988217
273266,0.999198
245248,0.958576
242528,0.979223
222265,0.981178
202815,0.960846
221455,0.998206
255928,0.990816
248367,0.869046
237025,0.99763
200034,0.877815
237982,0.993823
257396,0.982863
265904,0.995667
214661,0.974971
217416,0.85517
272180,0.926376
242730,0.990317
240887,0.977372
243061,0.983321
220945,0.999652
233470,0.883817
218351,0.992829
240822,0.881156
228307,0.926295
262431,0.987703
259887,0.982615
218165,0.994766
238913,0.997446
204757,0.977801
236307,0.995614
208929,0.9098
274577,0.912712
227134,0.997619
268801,0.996161
208333,0.852225
261190,0.9104
218296,0.999032
246488,0.94706
257359,0.983204
212960,0.863296
228444,0.959872
240176,0.87476
269827,0.997362
255331,0.957487
222876,0.849894
268773,0.978954
267118,0.997833
207637,0.997559
234794,0.981333
211845,0.987025
219149,0.970978
250375,0.98576
217016,0.9528
212834,0.982589
213977,0.871024
247443,0.905647
249367,0.984722
242215,0.997889
208066,0.978031
227572,0.958748
226445,0.890312
227707,0.980487
222135,0.880738
258410,0.890442
244620,0.894874
256047,0.988651
209002,0.899775
269711,0.93261
224701,0.903394
223063,0.890623
253569,0.980963
252551,0.997631
223375,0.895695
271438,0.980134
219749,0.899112
221316,0.902314
274063,0.997456
239192,0.989196
229996,0.978677
269253,0.999524
268194,0.908916
237210,0.994481
273656,0.866035
232181,0.947132
253696,0.875311
251219,0.712492
252754,0.979793
201545,0.937452
273610,0.867579
227723,0.88359
243899,0.99859
211398,0.982478
205150,0.714135
251849,0.874455
234825,0.99068
219426,0.910222
245919,0.795409
255209,0.980902
206421,0.892764
266673,0.892046
235498,0.982391
223306,0.995575
243529,0.978143
200397,0.852135
239840,0.723871
207485,0.787238
218007,0.883721
206204,0.869739
222874,0.982021
233711,0.88791
233614,0.977247
215600,0.980675
218478,0.978643
207493,0.964288
264601,0.985372
233583,0.99318
211624,0.998631
270469,0.996276
251172,0.871094
239719,0.95051
213831,0.896291
236842,0.998049
266804,0.996328
259256,0.999069
237134,0.996795
202656,0.977459
223303,0.997774
211377,0.904408
248114,0.896872
253379,0.846651
232477,0.978743
213458,0.8538
257111,0.951365
268149,0.891718
232268,0.98241
258232,0.997274
217389,0.899863
259991,0.85055
264277,0.866483
219172,0.898096
211811,0.888926
259631,0.868569
273550,0.900519
225986,0.875287
209366,0.987595
262059,0.756678
267739,0.982285
212426,0.809548
246696,0.995305
247566,0.97443
205975,0.928655
202316,0.882673
226356,0.981308
229719,0.895659
267484,0.99534
252563,0.981567
202612,0.909475
236246,0.976453
245690,0.991777
200560,0.978713
238232,0.948664
230565,0.999587
252980,0.894199
219287,0.878209
268548,0.844347
269577,0.903391
253756,0.870118
203030,0.893901
256050,0.897848
264817,0.977069
202210,0.982676
240341,0.954214
258445,0.994729
239392,0.960346
221909,0.989363
244421,0.993769
239908,0.995875
263776,0.978568
271639,0.991013
269523,0.980686
268869,0.884912
207132,0.992349
228375,0.989588
222461,0.898096
237963,0.960532
258116,0.885415
234043,0.998985
223709,0.979324
221907,0.948007
207081,0.952364
206643,0.865049
203168,0.883307
219273,0.999005
237737,0.902235
221980,0.995215
201309,0.997117
269699,0.783122
243427,0.995343
222941,0.954596
238653,0.993713
232213,0.991
240820,0.959271
237188,0.956573
263691,0.877561
266205,0.993946
208898,0.991353
234566,0.99834
266687,0.949601
220383,0.990721
258528,0.983877
205140,0.978898
235894,0.978644
253373,0.9954
224739,0.980648
246117,0.904264
239618,0.898566
208317,0.822954
207660,0.999179
227538,0.997559
240998,0.961645
229646,0.788307
225715,0.996741
228233,0.912211
267404,0.994755
241458,0.982114
254917,0.910293
213839,0.986236
245400,0.982717
212179,0.9301
269556,0.982157
235323,0.867229
230168,0.976019
217572,0.85661
271294,0.983056
254869,0.99209
242751,0.989322
234033,0.891733
255072,0.991439
217333,0.87459
254325,0.962431
235585,0.978549
219120,0.713082
221111,0.9779
240165,0.83499
254790,0.996488
216773,0.995111
233070,0.918362
216779,0.982357
252288,0.751521
239868,0.980008
207223,0.874171
229956,0.939464
258043,0.9962
259289,0.998916
255300,0.877611
251160,0.998881
216362,0.95481
274567,0.869862
239262,0.976407
203398,0.982861
237295,0.981044
200688,0.905563
248814,0.898096
227569,0.96123
214924,0.995183
218376,0.996678
226597,0.98138
268550,0.866035
233047,0.984371
249067,0.876317
200215,0.897145
254678,0.995561
264849,0.978433
200293,0.85979
265217,0.948098
274259,0.998714
273292,0.997173
272274,0.973397
231501,0.980016
258762,0.850128
224482,0.837134
241366,0.863225
216800,0.991801
222893,0.969369
244380,0.9951
250972,0.793092
235351,0.989479
251449,0.948107
251793,0.9956
226501,0.983029
247498,0.802713
232010,0.879323
212771,0.863832
215534,0.959955
239246,0.972269
237898,0.839541
243808,0.991114
252985,0.841651
267668,0.883119
272681,0.98182
208979,0.998383
203152,0.995577
238506,0.896872
236765,0.995661
248944,0.960675
272737,0.97209
208465,0.999519
270889,0.885092
232322,0.994797
226865,0.999715
233081,0.906572
214745,0.87585
208590,0.808937
204938,0.899609
257534,0.99739
270097,0.725198
206872,0.958304
245424,0.902758
235040,0.988209
252087,0.869052
252456,0.844419
237521,0.996584
272069,0.983398
215621,0.996303
202195,0.911271
253201,0.911087
256592,0.854972
255705,0.977067
230542,0.980952
249118,0.8824
232892,0.982092
222842,0.85663
221341,0.978965
252538,0.904415
272689,0.999044
213335,0.903709
211204,0.956503
242474,0.893568
270514,0.99592
259380,0.945199
221525,0.944913
223852,0.862408
234264,0.884039
216197,0.898096
201720,0.966723
247623,0.726663
249696,0.979752
267133,0.880298
244827,0.972499
263198,0.865486
227175,0.878858
203503,0.976936
254776,0.720371
245228,0.967511
211477,0.969167
216701,0.985893
273080,0.958869
234383,0.999105
214262,0.880979
226256,0.991877
217962,0.99721
260253,0.994389
207005,0.901693
226025,0.988145
209307,0.958391
232073,0.891244
209335,0.992502
201543,0.907213
255710,0.959134
224573,0.904391
252862,0.999198
260516,0.877253
244890,0.843816
202966,0.999448
231893,0.993326
263956,0.840188
273954,0.858362
235031,0.909626
247034,0.958003
259465,0.849739
256363,0.89938
259809,0.999078
241900,0.908489
232008,0.977578
224522,0.995851
258974,0.874576
200820,0.997389
213934,0.926033
240338,0.996198
210085,0.998774
254881,0.98266
207470,0.995867
270459,0.995981
242778,0.980586
205852,0.896522
254187,0.909642
240832,0.995907
218695,0.93856
209488,0.99081
218447,0.896644
232757,0.801318
208339,0.941223
219621,0.98908
241017,0.993442
215725,0.992173
254520,0.982731
210839,0.863243
272065,0.959823
205706,0.877623
252454,0.99773
261530,0.981936
218514,0.872813
269538,0.981424
230939,0.978779
248527,0.987258
257878,0.991644
204316,0.99775
221085,0.996186
271124,0.905546
269117,0.799617
232525,0.731479
234919,0.89153
245741,0.903046
271138,0.980918
249555,0.908062
221107,0.990882
205743,0.871235
234993,0.861505
227709,0.907106
265319,0.998477
206088,0.996601
262485,0.980122
234337,0.995135
255766,0.986681
227324,0.996894
204179,0.95939
216875,0.871425
260965,0.972336
241585,0.797928
274026,0.980025
267972,0.999529
201700,0.953683
274468,0.985339
256545,0.979572
264164,0.951504
266996,0.983963
253031,0.987562
205272,0.998833
201062,0.83398
219462,0.863983
210119,0.999116
236605,0.93979
238850,0.998849
222273,0.993899
253496,0.99778
259926,0.8878
258418,0.975836
227961,0.859103
246295,0.981574
236447,0.968965
220086,0.72777
225701,0.963069
260878,0.976574
236559,0.901898
215356,0.993609
206379,0.998602
241466,0.908578
248806,0.998757
208366,0.884231
237340,0.926804
214858,0.978064
209463,0.716393
261282,0.98672
244946,0.999145
210907,0.976442
234888,0.987916
228607,0.99944
233610,0.980336
232488,0.993065
214670,0.99777
229275,0.763927
215060,0.980168
244723,0.902173
273869,0.977743
230481,0.984779
234030,0.944887
272052,0.995391
222408,0.902235
207997,0.875335
208233,0.998047
244507,0.988117
211064,0.988699
220961,0.899112
215419,0.897145
227578,0.980793
200735,0.990417
235546,0.98204
221706,0.777974
243568,0.881975
235736,0.789919
247963,0.998324
238984,0.782625
246942,0.884907
232265,0.98556
249710,0.887806
239747,0.982196
204326,0.995556
237935,0.98022
254442,0.998285
203805,0.979843
246154,0.961521
230539,0.984033
204452,0.980541
223062,0.987183
262482,0.724122
256795,0.886782
229741,0.861131
219645,0.904684
245179,0.979621
274140,0.99694
217514,0.894654
204092,0.941071
265603,0.997628
261215,0.979955
261392,0.998288
202097,0.977966
236868,0.979183
215658,0.988748
222405,0.979727
229850,0.869076
262191,0.887196
200919,0.997899
211540,0.916895
202496,0.993471
267717,0.905826
223060,0.981926
216046,0.995958
236407,0.870329
251057,0.968462
237202,0.977069
219653,0.869322
272971,0.996085
252297,0.98334
251316,0.993598
226564,0.98998
266822,0.980133
224696,0.969008
274618,0.997871
214975,0.894202
230183,0.979432
255392,0.981694
265363,0.995445
206570,0.993828
213640,0.945747
210794,0.903409
253070,0.976233
228376,0.86277
221354,0.937326
239931,0.999388
221646,0.888148
205330,0.976774
208227,0.92439
252124,0.727247
244032,0.950478
253164,0.977372
235615,0.983442
231928,0.978583
214106,0.862942
245573,0.894168
221523,0.87257
214508,0.99861
206763,0.986532
200202,0.98344
257993,0.972726
228492,0.868581
264083,0.881714
202695,0.996079
228589,0.997759
251415,0.961721
264479,0.96063
209203,0.804031
269647,0.946032
259453,0.883016
223381,0.879543
270093,0.901665
234350,0.895901
259052,0.997514
222453,0.869735
228579,0.996858
237930,0.876319
271901,0.999373
265692,0.845376
223805,0.998409
240693,0.97541
222024,0.978892
214124,0.970231
219458,0.994068
248104,0.99817
207516,0.939752
230763,0.981403
243144,0.99748
274344,0.838171
201090,0.892619
241543,0.889519
204422,0.979673
218298,0.794818
217435,0.980891
224806,0.995819
260519,0.992211
236657,0.900946
214466,0.982244
247011,0.87255
270987,0.879842
238821,0.962213
200265,0.973813
224870,0.997065
231880,0.99458
214655,0.979907
254758,0.898096
219873,0.995914
212146,0.901665
200316,0.979194
248273,0.977536
268033,0.890402
260557,0.977372
266758,0.902835
251469,0.998909
252475,0.996057
263154,0.901894
241034,0.998384
246486,0.866242
224209,0.868667
212567,0.705636
232807,0.861769
272552,0.995724
273908,0.983831
235395,0.981739
265146,0.983702
273702,0.880688
231634,0.960761
233157,0.863203
209513,0.999554
255159,0.992224
268495,0.900897
249124,0.733411
252777,0.951347
268182,0.849211
264167,0.998938
233134,0.997401
206348,0.877418
226040,0.968721
221538,0.866497
207073,0.993757
263603,0.906594
205960,0.997022
236288,0.988765
205786,0.99014
202299,0.872793
201025,0.907277
248427,0.118452
203698,0.123296
271745,0.102406
265538,0.136299
215998,0.037573
254168,0.131057
202489,0.018247
219907,0.047699
223933,0.123756
261344,0.109606
270763,0.104971
236334,0.095398
242428,0.015389
204569,0.276946
213958,0.120803
268111,0.261581
251179,0.119275
228541,0.137254
214329,0.015683
252622,0.133665
209776,0.015875
233049,0.079929
248834,0.248212
240967,0.126894
207607,0.03808
230360,0.108338
204778,0.122336
257910,0.285669
264927,0.102542
269814,0.120803
225595,0.137378
232776,0.01381
260442,0.118294
261176,0.02335
208214,0.178058
265895,0.279384
237581,0.262879
240459,0.299522
222740,0.0799
267417,0.141269
222501,0.141707
211850,0.015869
213953,0.183662
221451,0.151199
248914,0.087874
244078,0.123287
215984,0.264761
269036,0.135311
203305,0.018828
265886,0.111572
259391,0.254215
271169,0.119116
256613,0.263535
208428,0.156493
210427,0.121145
272897,0.129795
267278,0.053613
214507,0.120662
231445,0.245702
256713,0.086732
243173,0.120803
259744,0.116098
232216,0.249
273022,0.093786
210747,0.251733
247203,0.123715
237562,0.01725
255042,0.13849
226543,0.018953
258800,0.073188
258515,0.087622
272275,0.284999
274235,0.296676
202306,0.118613
241483,0.284018
247929,0.121035
259168,0.129709
234797,0.125457
200999,0.107897
223585,0.125728
246989,0.12777
227689,0.122752
272030,0.127448
259818,0.120803
222199,0.280437
252464,0.133007
212497,0.295349
261186,0.113805
261056,0.047422
218098,0.125174
271097,0.042343
215925,0.12346
268713,0.017989
250673,0.117513
217063,0.116514
216671,0.015753
237115,0.119641
241109,0.129796
265224,0.141471
227029,0.14495
211785,0.293354
263485,0.124445
266865,0.091463
206889,0.123697
235653,0.120821
222812,0.090565
204203,0.137891
256536,0.151036
262973,0.112479
229598,0.043241
203673,0.101673
211173,0.014548
257308,0.016699
254533,0.119614
271830,0.105132
229252,0.124336
213095,0.123451
216303,0.10782
221669,0.130157
244879,0.094028
232454,0.276654
253574,0.107282
271708,0.043035
262367,0.122336
252016,0.258059
223672,0.244473
237765,0.108729
234439,0.528057
217785,0.527834
219430,0.435484
207078,0.512037
246293,0.538278
201253,0.50488
238903,0.477533
261768,0.573893
216633,0.536548
203106,0.582459
260279,0.486786
226182,0.511127
263973,0.65278
236170,0.552528
227677,0.522566
206175,0.516436
258955,0.66999
274728,0.667297
265149,0.446395
224605,0.614261
231859,0.695763
270379,0.475219
274190,0.473972
217935,0.530456
229383,0.454627
228010,0.533845
206470,0.461007
254047,0.465324
235740,0.508779
247109,0.510258
201748,0.421012
266729,0.403744
266210,0.515697
242873,0.465356
232795,0.691876
200941,0.69831
204502,0.658694
210299,0.51209
208930,0.346151
258190,0.468492
246789,0.50835
211680,0.456065
263833,0.518746
232290,0.456943
242797,0.515691
226651,0.478624
252766,0.517582
264719,0.553619
272358,0.447538
231681,0.315307
204232,0.563782
246923,0.484064
216545,0.438398
252975,0.535865
259072,0.497056
222614,0.52299
204586,0.488761
223219,0.687879
243915,0.525795
239919,0.517649
270506,0.497866
269446,0.532508
200823,0.51764
219506,0.48107
210443,0.541496
230056,0.502802
233859,0.469539
265979,0.523597
228730,0.472517
248468,0.44547
263987,0.520701
220644,0.535212
226872,0.48756
225475,0.538238
260810,0.520748
206372,0.529849
208975,0.540481
262705,0.474724
203903,0.510733
219963,0.526331
226348,0.533956
237142,0.694894
214627,0.551521
206580,0.517491
232112,0.366694
258411,0.471529
204416,0.450798
252393,0.551917
209533,0.48522
231044,0.559925
244896,0.650864
215092,0.504398
201262,0.532682
265717,0.509316
224355,0.474051
242207,0.464558
249697,0.610627
236981,0.493883
263972,0.49022
235844,0.39935
213145,0.461979
271319,0.498041
224711,0.524105
229624,0.509357
237327,0.553351
201886,0.440915
218077,0.569763
266592,0.500166
200513,0.515697
207958,0.406271
269572,0.484504
226017,0.447189
246209,0.509316
202957,0.466549
204246,0.686381
240306,0.686237
220479,0.520971
225760,0.440261
257808,0.525597
228317,0.484656
226024,0.515697
269029,0.474051
254569,0.697294
219939,0.475166
229592,0.539174
206409,0.427535
259582,0.393481
203457,0.685755
272306,0.542435
209975,0.491537
257801,0.468385
209905,0.692579
274179,0.656374
247914,0.513272
231644,0.300928
217976,0.342663
238542,0.502051
271974,0.510289
236126,0.521322
200906,0.498113
207172,0.543317
241605,0.508496
212225,0.487569
257471,0.528122
266936,0.509704
264974,0.443643
260698,0.485978
262914,0.473596
256700,0.476862
240601,0.519372
253680,0.658423
216162,0.49642
262305,0.489839
214866,0.4514
225172,0.47677
255915,0.480124
252144,0.538195
205654,0.669427
253549,0.465097
251604,0.499824
232789,0.690242
253351,0.470455
227100,0.324897
250292,0.618284
213090,0.314537
236729,0.445799
256298,0.510563
257723,0.512781
274512,0.466263
204406,0.461311
208633,0.510335
260012,0.552388
236325,0.429555
209341,0.507246
224060,0.532777
213948,0.546303
232147,0.514262
221071,0.480676
240052,0.448628
211514,0.536216
270943,0.473442
239655,0.54664
256841,0.550609
267799,0.480842
240792,0.698191
256574,0.548021
256321,0.527834
258197,0.449264
234094,0.485634
235643,0.47972
209582,0.503928
228374,0.523266
265205,0.520499
242991,0.502582
209694,0.43715
206550,0.450862
238064,0.412608
270389,0.604097
224391,0.506331
258154,0.307677
215285,0.65604
244064,0.50529
240488,0.677087
221395,0.446992
201970,0.430791
255438,0.483665
211832,0.496214
202300,0.463544
242009,0.545046
252583,0.473991
237194,0.474403
238228,0.540431
219913,0.659756
268454,0.485634
232315,0.553313
270420,0.496673
225888,0.490173
249556,0.658319
271015,0.439612
232470,0.659913
267496,0.474464
271570,0.52828
215983,0.516306
205160,0.503009
206893,0.495873
224612,0.520971
260774,0.482135
228927,0.501462
229760,0.45282
229493,0.485187
274427,0.507103
234503,0.832782
226669,0.839614
250913,0.978576
204107,0.792636
227979,0.949715
205686,0.878736
253120,0.971814
234505,0.860226
274999,0.745144
242902,0.902411
244086,0.867603
240002,0.878939
246452,0.982743
268101,0.852595
252065,0.991861
265191,0.981405
202866,0.952382
263644,0.895551
233279,0.985871
254239,0.895288
209050,0.872978
256471,0.982758
229210,0.891181
206286,0.819663
222129,0.809555
231556,0.962403
226753,0.995925
230685,0.976178
254960,0.993195
268241,0.885745
224066,0.96388
248619,0.907754
212814,0.918583
241083,0.890441
200224,0.920356
223318,0.864339
238180,0.984354
257352,0.969842
210179,0.826968
264972,0.921234
216383,0.958929
260217,0.961387
227040,0.850848
267337,0.841158
207568,0.99599
255958,0.97496
240883,0.987486
229476,0.89554
221873,0.990852
270144,0.879701
201370,0.815007
203487,0.86279
243525,0.822658
274814,0.874855
200148,0.734773
247741,0.863671
220900,0.881764
257448,0.90425
236523,0.983502
250866,0.973538
206157,0.93358
259187,0.732697
243079,0.960644
267682,0.820136
264569,0.75172
220849,0.946415
239860,0.865702
206908,0.833339
231442,0.993914
224386,0.990396
200691,0.95793
265312,0.867186
229220,0.878771
253972,0.884914
218427,0.9603
222665,0.880094
233019,0.869512
270278,0.884812
214722,0.97856
233677,0.990323
237901,0.830574
218594,0.890924
262606,0.883621
253314,0.795129
252205,0.85337
272407,0.899023
248359,0.962099
263311,0.781715
216938,0.905572
231953,0.881623
254125,0.911486
220812,0.979927
225197,0.831645
233892,0.979356
232781,0.877865
258372,0.980453
245292,0.859258
209156,0.991941
263360,0.968907
225398,0.974759
213205,0.944679
266399,0.987492
258709,0.983869
236529,0.969232
210756,0.748493
244337,0.955061
232022,0.907815
259299,0.946397
251033,0.992923
207644,0.895791
226323,0.984611
245282,0.94404
226706,0.716429
250226,0.856094
255254,0.764585
233062,0.863326
231153,0.902636
225599,0.853418
209767,0.994899
266761,0.833901
267483,0.951225
267355,0.832452
272915,0.995161
238382,0.876761
255964,0.95919
216576,0.808228
203208,0.874546
212230,0.868663
204362,0.85522
207338,0.957617
238222,0.978008
221856,0.994649
215592,0.868163
243623,0.808204
274948,0.85317
266639,0.934419
233952,0.815618
274351,0.995688
266931,0.985203
256170,0.785008
231004,0.981368
222205,0.979029
264588,0.885812
266296,0.892179
243096,0.961766
263369,0.864284
257866,0.97734
208441,0.767984
203786,0.84584
220032,0.72826
255108,0.886283
235155,0.822715
215568,0.740094
233615,0.965969
260293,0.814797
208078,0.711508
220670,0.997937
271368,0.725415
214361,0.845977
272267,0.889655
246864,0.982791
214828,0.860705
208458,0.86207
206200,0.754655
211223,0.782297
254497,0.981825
225301,0.872491
201805,0.967003
206259,0.877996
260307,0.943861
244196,0.839642
248132,0.975275
200417,0.874375
240923,0.995481
248113,0.901573
218889,0.808032
239650,0.884919
252266,0.777338
268787,0.877707
233963,0.905926
209391,0.908114
264596,0.788916
231306,0.923306
206694,0.853565
273439,0.994029
271244,0.909534
241059,0.978024
255464,0.942103
260492,0.979738
219604,0.881166
248873,0.913439
231954,0.755881
230731,0.733219
215078,0.880342
210704,0.879492
256943,0.972708
252194,0.795557
216219,0.715964
230115,0.737405
249100,0.740624
220911,0.971343
236414,0.762916
235537,0.950952
265947,0.89937
204605,0.996238
232986,0.804585
241698,0.738181
203016,0.836088
263615,0.982453
202310,0.862993
249780,0.839599
216041,0.864734
209087,0.945189
244732,0.870781
264444,0.857067
240273,0.934845
236248,0.70636
228196,0.99291
222573,0.74938
254729,0.915957
213299,0.889431
271106,0.935864
200321,0.963576
213833,0.966275
213509,0.983788
210502,0.798762
203568,0.783894
254316,0.917784
241112,0.856486
240220,0.70681
217165,0.970312
218307,0.83337
241820,0.985049
219310,0.978993
262594,0.916394
200714,0.881779
203976,0.764223
221600,0.925552
260323,0.850942
207464,0.865451
260860,0.797598
244074,0.949924
250750,0.989384
249941,0.908244
220372,0.989257
253875,0.895946
223921,0.873701
244273,0.982862
244037,0.959304
271897,0.981513
244579,0.784469
205156,0.860084
245758,0.900405
202082,0.872091
258091,0.933598
257261,0.953128
252050,0.951872
235417,0.969254
272409,0.875574
201034,0.859232
212683,0.901459
250838,0.91776
201430,0.983566
219135,0.897851
272476,0.129349
207842,0.097482
205115,0.002373
212029,0.128323
208023,0.273135
238838,0.020653
213240,0.128201
218021,0.295433
245360,0.014781
269442,0.012264
209234,0.189041
243123,0.019522
244197,0.245758
272591,0.1354
215936,0.002451
272704,0.104453
231560,0.002908
268635,0.014928
218791,0.142739
246105,0.072513
247170,0.02012
204762,0.015814
231295,0.146688
222959,0.090211
218827,0.272136
228351,0.018316
258309,0.197311
259321,0.002542
262315,0.263395
229374,0.013156
243461,0.004117
257529,0.007314
274708,0.134434
203635,0.029558
228381,0.107211
244392,0.019438
237286,0.241419
239407,0.126927
232686,0.131897
272221,0.135371
208732,0.126985
203073,0.065332
200237,0.017684
248910,0.014051
255143,0.024485
239270,0.195754
243709,0.058208
200229,0.002403
230933,0.273334
250104,0.001383
258660,0.13082
241645,0.10747
242520,0.159225
200903,0.118843
256556,0.130335
260241,0.004144
252198,0.106362
236853,0.005654
206535,0.112714
212077,0.00868
230580,0.016374
211614,0.01441
260903,0.002869
244022,0.001928
268888,0.14164
224884,0.019289
201760,0.188268
269595,0.014766
224500,0.006122
222983,0.018948
216868,0.01266
254311,0.002481
203746,0.126676
229104,0.289043
231616,0.016482
221403,0.007703
258654,0.126721
232329,0.019998
224750,0.120911
260531,0.020166
206835,0.133409
272089,0.010718
265055,0.076236
203463,0.123292
208767,0.019792
230208,0.143036
258945,0.043315
258692,0.051592
233198,0.12308
264369,0.015797
259445,0.143014
241091,0.018755
263868,0.041905
263777,0.020236
256192,0.013847
202107,0.128593
224559,0.002579
253833,0.084053
246023,0.01956
228832,0.167784
237275,0.000625
267480,0.101313
238572,0.000509
217511,0.102602
247291,0.114493
228655,0.002507
236813,0.024102
208584,0.003177
200280,0.091122
217305,0.130511
214559,0.018026
213638,0.020053
242734,0.012009
224479,0.002688
269587,0.133795
221542,0.261203
217900,0.142739
263132,0.11506
233172,0.135833
207635,0.002461
217592,0.129355
227140,0.127673
246637,0.027347
252197,0.01319
248968,0.228696
203808,0.095603
258484,0.019851
226891,0.021368
245254,0.025144
214984,0.003745
263722,0.160676
266366,0.216068
225216,0.13607
252443,0.017108
274776,0.012345
218592,0.016172
205493,0.017907
257302,0.014172
270749,0.020719
258659,0.276347
227699,0.003951
214914,0.111786
206927,0.001778
264141,0.133139
226461,0.014478
220897,0.019661
269208,0.013994
274622,0.004411
274018,0.098135
259900,0.135468
238856,0.119522
265595,0.016398
210219,0.002668
264374,0.155605
238472,0.003316
263886,0.002462
212870,0.258392
222141,0.002462
234422,0.146964
266208,0.014691
216341,0.019438
270851,0.018264
249348,0.057569
243986,0.120122
253047,0.058679
213873,0.011177
219381,0.126676
239845,0.123223
227626,0.126725
230829,0.019933
229608,0.019249
264761,0.007352
237044,0.124991
248755,0.11135
210749,0.135066
219230,0.270791
205088,0.019505
202438,0.016741
208380,0.017941
227280,0.011271
228366,0.018116
246769,0.007126
249470,0.002733
233109,0.031685
208346,0.05483
227745,0.051717
260529,0.046092
233601,0.019409
252698,0.182724
253945,0.002486
212549,0.009958
260930,0.002514
213020,0.003292
238534,0.107837
240909,0.00254
273416,0.109853
216201,0.12191
230139,0.02396
213785,0.002707
250121,0.158261
263755,0.01994
254740,0.143971
217222,0.019684
258623,0.019657
264986,0.003077
263992,0.002727
239480,0.135326
234679,0.003708
244259,0.133157
217009,0.125402
202171,0.017463
238954,0.108452
255775,0.013249
262747,0.128372
240634,0.01872
267859,0.125374
222860,0.003844
221483,0.127276
209916,0.040984
272747,0.148596
239219,0.019772
237236,0.043354
227438,0.141776
270914,0.01885
259872,0.001448
240034,0.018732
257694,0.029355
203342,0.023562
251098,0.049699
246426,0.023312
208143,0.046927
219039,0.081786
248327,0.012776
235297,0.087946
271179,0.002733
253490,0.002397
274661,0.105476
218751,0.017796
255772,0.011842
200016,0.099161
229694,0.02006
212734,0.013146
248581,0.005968
274040,0.007183
252296,0.09246
231957,0.018759
265362,0.018496
236034,0.130569
224803,0.291875
232123,0.020129
264999,0.070386
225280,0.003573
212091,0.125483
220021,0.170696
229516,0.259793
233572,0.020925
270113,0.103829
200650,0.12937
223990,0.003244
208115,0.251495
253665,0.03393
265100,0.00551
202217,0.015146
266736,0.000551
200782,0.017785
212093,0.002561
269320,0.122759
211868,0.007471
255518,0.023021
269662,0.077877
235825,0.022466
256880,0.019289
211936,0.002463
203148,0.019387
230100,0.002377
268756,0.135544
261521,0.046573
212845,0.137961
264264,0.18064
203284,0.001851
209042,0.012744
246383,0.019214
267647,0.003252
270419,0.000641
246934,0.122884
220294,0.134232
253748,0.099232
216540,0.019825
223213,0.019995
226487,0.112376
254831,0.055823
203940,0.018203
266884,0.286337
245747,0.00551
261630,0.024527
244436,0.023615
265496,0.086611
214365,0.013753
272205,0.265713
226551,0.143353
232102,0.015613
225011,0.128331
222012,0.000499
246176,0.018827
207859,0.146792
208445,0.019813
205644,0.015276
240664,0.00979
245418,0.103387
272496,0.003551
271281,0.010361
208665,0.10747
220909,0.13316
245971,0.012027
217154,0.014362
266850,0.009911
248453,0.064683
259716,0.244349
258926,0.00388
210865,0.110744
236502,0.01728
270223,0.086208
222688,0.112122
273029,0.017701
216343,0.018379
233421,0.02623
269522,0.137346
272423,0.003637
245627,0.019289
240865,0.125215
257888,0.017842
268819,0.131532
200708,0.136108
206965,0.129832
235010,0.051888
210935,0.018214
261140,0.056696
204843,0.002611
246699,0.01435
250075,0.017151
222107,0.010435
219511,0.126676
228398,0.016324
234385,0.002593
216512,0.015712
244333,0.121209
270122,0.019834
258511,0.269564
233763,0.131843
221401,0.003686
242812,0.127549
206970,0.126721
226633,0.154984
271474,0.283004
269231,0.123125
247140,0.108558
215001,0.00322
213070,0.014321
257715,0.016946
234049,0.237169
262960,0.117385
237493,0.017466
233684,0.018182
242537,0.257593
245386,0.019202
216655,0.14408
215624,0.018049
264748,0.002517
273969,0.140229
271688,0.27743
237058,0.045846
268027,0.024853
243097,0.018381
246372,0.007369
255054,0.095041
202129,0.115
251629,0.0026
254279,0.00322
237768,0.112591
269348,0.019102
246223,0.009146
234060,0.055214
268331,0.001907
274924,0.013163
217366,0.091778
261444,0.037237
247973,0.002639
241967,0.012396
210477,0.003676
256535,0.003768
270849,0.140767
213778,0.000516
262863,0.22802
265561,0.135771
209848,0.010903
227967,0.043251
248579,0.141082
233854,0.109815
241742,0.272927
239823,0.002438
238454,0.26274
234934,0.13919
215663,0.002617
207766,0.139497
234986,0.021029
254003,0.020241
238685,0.162599
208034,0.000507
219217,0.141579
214024,0.00343
213250,0.049122
268943,0.120701
203957,0.113306
254458,0.096487
206245,0.020236
211883,0.002529
233511,0.003266
223488,0.137261
263742,0.019693
260603,0.144675
266389,0.001308
265315,0.089749
250874,0.000523
270739,0.086466
212436,0.135515
205276,0.000477
254126,0.283693
202235,0.100369
274778,0.018518
228803,0.004012
225218,0.081023
272466,0.015962
249427,0.000476
235587,0.027845
222528,0.133588
222606,0.093288
217848,0.007051
259775,0.027205
240922,0.014913
200516,0.013726
270976,0.142295
271400,0.102575
244029,0.018647
213374,0.277622
254295,0.120515
210301,0.122571
202344,0.104046
200876,0.000497
245972,0.017941
246717,0.001686
203361,0.133265
211613,0.130341
214289,0.104254
255546,0.004038
202555,0.140923
227880,0.141786
217559,0.034297
240319,0.018722
229961,0.153169
209775,0.00259
223806,0.287744
202322,0.077376
235763,0.001616
218800,0.050607
234971,0.265998
243890,0.013022
259601,0.096697
226965,0.095716
258571,0.129349
224848,0.102736
209783,0.122354
269709,0.002463
223996,0.119395
229749,0.099517
201831,0.035785
210822,0.046666
230304,0.013075
203200,0.016682
240045,0.038645
218525,0.009413
220772,0.018211
245742,0.00253
249358,0.003964
220722,0.13343
260274,0.0118
200217,0.122891
266889,0.050294
227657,0.11286
227877,0.003388
274720,0.089622
225131,0.267376
222373,0.105799
212684,0.129017
246471,0.130541
216882,0.016764
229398,0.00286
211404,0.125215
273161,0.136658
261291,0.018539
222134,0.0161
252858,0.126031
225812,0.134697
241500,0.017836
214198,0.002868
272386,0.143036
249012,0.082792
256419,0.095945
239177,0.095423
254188,0.017433
268220,0.126101
274596,0.216962
207714,0.018548
274473,0.018737
202599,0.095065
223119,0.140887
250962,0.020439
224122,0.002089
241850,0.169099
251441,0.075761
236013,0.025672
201121,0.287864
249737,0.018512
219125,0.137764
208340,0.143756
225236,0.151749
246752,0.000499
272993,0.043063
263927,0.017895
260382,0.092112
249703,0.018175
204185,0.11053
221385,0.271717
248272,0.050441
202196,0.019737
210183,0.078995
265759,0.210172
220175,0.00337
252775,0.210207
216394,0.139029
238192,0.00254
235680,0.003486
239996,0.022377
244866,0.017046
252446,0.018581
200306,0.104184
272776,0.000458
240005,0.134216
238292,0.085612
233762,0.002492
258467,0.138374
227144,0.053264
230945,0.051268
244154,0.12816
265518,0.003159
238549,0.019482
221734,0.131889
218065,0.129122
265507,0.171848
267775,0.019855
239745,0.018271
246503,0.016648
272667,0.044843
259102,0.136697
255976,0.012591
233528,0.118657
273940,0.004216
271693,0.013313
226090,0.100494
226215,0.021429
264048,0.123934
218630,0.250405
225097,0.131254
242365,0.214303
203736,0.013269
238126,0.007508
208163,0.006645
260139,0.148049
247384,0.129315
210671,0.128129
210870,0.01264
250106,0.044663
258428,0.114308
230291,0.293728
216382,0.127674
271860,0.002679
225262,0.017941
210045,0.0085
213395,0.126714
242364,0.169679
240906,0.002406
224987,0.125663
255039,0.089679
229545,0.014803
220779,0.230027
262207,0.019063
244234,0.058139
203800,0.103479
212377,0.002503
234910,0.09529
230688,0.018395
253557,0.027994
220161,0.00336
240769,0.177649
256748,0.017435
273408,0.110763
226494,0.019868
216228,0.148788
215742,0.088888
247565,0.017396
273685,0.122708
259234,0.127297
205810,0.002355
204860,0.171771
269771,0.018091
233444,0.27806
242852,0.019482
240841,0.192231
221715,0.24627
220766,0.062798
247481,0.014733
268993,0.005597
202028,0.265998
229327,0.011855
265450,0.019522
249753,0.163659
223765,0.130335
224130,0.151514
201995,0.002002
259886,0.01764
207403,0.014164
270656,0.067188
240831,0.155165
266719,0.206262
202340,0.101979
242883,0.018411
249127,0.27271
242459,0.027251
242347,0.019641
242174,0.017433
222031,0.118959
215757,0.017408
206767,0.144056
212373,0.12543
255524,0.121104
272857,0.011865
248637,0.135371
209306,0.075685
223911,0.13071
237801,0.003283
244278,0.026052
217243,0.133424
252533,0.013524
221772,0.019675
211656,0.000493
202834,0.131732
213337,0.002576
256339,0.018564
214689,0.00121
266383,0.051335
243166,0.019274
267980,0.002672
213624,0.016809
218067,0.082974
269501,0.125788
220852,0.020297
267124,0.000654
272611,0.116482
261615,0.109811
211689,0.011045
235727,0.003064
201419,0.002527
228331,0.018211
257891,0.002468
252527,0.117453
206747,0.000514
219267,0.002594
207533,0.023167
227977,0.16123
263116,0.05742
235149,0.024817
266968,0.000786
227652,0.017489
227453,0.092311
219629,0.096621
251461,0.127549
216500,0.028323
272606,0.296433
210792,0.052006
209228,0.120927
258625,0.030627
228232,0.105481
236210,0.004157
200693,0.001859
255868,0.098823
249739,0.016865
204171,0.102596
234103,0.006468
208025,0.000751
221277,0.50697
249568,0.445335
254774,0.530443
267599,0.312067
264709,0.599242
262761,0.548014
243562,0.579331
272861,0.541788
253805,0.503057
210181,0.485237
204648,0.407252
255160,0.504465
217509,0.390141
236751,0.502615
263526,0.535387
257081,0.52712
262023,0.658677
259108,0.494662
212798,0.399578
201678,0.486036
211213,0.523086
223502,0.506491
247153,0.496592
226913,0.487983
273902,0.481611
221695,0.513887
269735,0.532114
234123,0.575403
202718,0.512212
269100,0.459108
243121,0.329996
202567,0.300376
262679,0.58482
210811,0.512853
247272,0.492404
258045,0.521294
215371,0.570157
224380,0.484847
251901,0.318076
228023,0.690075
235272,0.459136
231792,0.443183
232175,0.488384
217131,0.695513
202586,0.654738
255938,0.474055
214367,0.49113
212853,0.478565
248557,0.300828
217954,0.486454
209675,0.486221
216827,0.513061
215237,0.523753
270285,0.469183
221709,0.476679
209469,0.470229
223851,0.310975
267962,0.530264
201871,0.470924
226345,0.5555
206321,0.508943
260263,0.303528
257427,0.474715
262045,0.458846
202453,0.459256
211376,0.522916
261372,0.661408
269408,0.441806
224491,0.523948
234483,0.487085
269641,0.507617
273390,0.516468
248539,0.553087
241214,0.536387
239683,0.538665
205610,0.418277
268955,0.312876
202085,0.532084
274370,0.47957
218511,0.392299
246199,0.481911
271184,0.310591
223260,0.464806
262573,0.536967
204073,0.457613
273713,0.546554
265641,0.495044
222531,0.67009
241566,0.492909
272357,0.314414
223641,0.44005
233054,0.304599
230784,0.602075
255292,0.455911
261256,0.463625
208126,0.56115
209759,0.612574
203542,0.366546
210977,0.522311
261145,0.650542
202969,0.503155
274685,0.502792
215077,0.363086
261594,0.323627
214257,0.524304
200338,0.485183
202607,0.479457
224830,0.386164
208153,0.430675
224749,0.512474
210775,0.414603
261813,0.479914
228622,0.523804
236925,0.572467
236590,0.521894
214027,0.476921
205477,0.301082
268760,0.526298
202864,0.327294
238791,0.531403
262434,0.479216
207478,0.515136
226129,0.475095
225484,0.522362
253978,0.541049
205114,0.578938
267022,0.467156
220788,0.491738
217314,0.317795
271968,0.693141
256871,0.503096
253046,0.583145
232277,0.525813
241285,0.310995
246190,0.55087
273110,0.509893
206630,0.5417
247504,0.550074
274009,0.481973
244555,0.573821
218039,0.34119
255685,0.307394
251427,0.491375
245093,0.52264
260072,0.338038
233155,0.424575
213302,0.439475
273264,0.664168
256952,0.529658
228388,0.452133
271934,0.474782
256950,0.310277
218179,0.632385
210089,0.480884
261447,0.629464
200115,0.527828
260098,0.525138
257573,0.517125
234252,0.494464
203037,0.46261
259881,0.551836
210534,0.462758
270235,0.488124
229565,0.330136
218087,0.473648
209803,0.419734
212140,0.460924
274836,0.504581
225951,0.530172
205338,0.496466
249053,0.541456
244715,0.46108
244952,0.532075
273142,0.430087
206527,0.539376
204771,0.483207
218461,0.411045
223013,0.613171
213107,0.426927
208989,0.35565
257444,0.482468
240409,0.58827
205517,0.526194
224962,0.536311
221135,0.464484
212106,0.491309
227611,0.420135
208745,0.457912
201437,0.446614
260760,0.380465
207767,0.3031
268498,0.469392
249763,0.457674
241992,0.511464
230633,0.48129
246127,0.457703
258831,0.486817
250675,0.486828
244076,0.454814
229135,0.460999
246782,0.437483
266251,0.420014
242503,0.482487
233513,0.551971
220441,0.308262
273505,0.464529
265136,0.526613
249199,0.449066
253777,0.471374
244326,0.582117
203088,0.505974
205274,0.471552
241731,0.48109
250964,0.565987
219433,0.527154
215652,0.471974
233627,0.690558
203129,0.664104
220736,0.399427
256320,0.494912
220764,0.48469
200549,0.425943
208277,0.491361
208090,0.662732
223385,0.345608
214159,0.327548
215951,0.46864
210642,0.516279
272514,0.465064
262591,0.455793
205548,0.385893
220558,0.489308
227483,0.518134
266404,0.564579
265218,0.340068
227357,0.503403
270850,0.563378
236188,0.447837
274485,0.499246
274565,0.490208
266418,0.675405
237316,0.506583
220744,0.36791
255563,0.48016
237092,0.42576
245729,0.532422
227823,0.492812
210654,0.623377
244279,0.384409
215129,0.514306
240936,0.666662
247092,0.348026
201222,0.332284
262806,0.48469
272843,0.493742
220675,0.539011
241697,0.480507
222209,0.495331
219021,0.346451
246998,0.485801
211210,0.330188
213036,0.394531
255896,0.507449
203270,0.466197
232624,0.479457
203768,0.36506
259936,0.441257
250192,0.467925
252382,0.688806
217732,0.54782
256030,0.499615
267095,0.5016
264744,0.487933
253739,0.53091
271958,0.526155
252291,0.461841
218877,0.493158
241549,0.356688
260716,0.512686
232325,0.340274
245952,0.658431
231239,0.468592
237726,0.501148
219563,0.481156
203424,0.539826
224702,0.861575
239381,0.834422
208356,0.724677
217961,0.989912
271931,0.932088
200282,0.759936
237102,0.885861
268310,0.897919
237048,0.903303
211107,0.88942
239826,0.892837
211899,0.858166
239883,0.893474
233112,0.890036
233386,0.985937
238111,0.996403
259364,0.91914
227063,0.860044
229541,0.984433
247604,0.71831
209289,0.893435
215430,0.914742
238191,0.904681
203266,0.980037
227691,0.956098
274135,0.981321
265271,0.887883
246764,0.972403
251356,0.980585
247299,0.995986
250282,0.976351
243882,0.858209
211462,0.971464
271846,0.932082
235741,0.863186
255704,0.7755
245098,0.901218
260775,0.982735
241469,0.914339
254865,0.739703
204331,0.90011
274679,0.931317
224031,0.979096
241548,0.998881
203004,0.983466
228977,0.968199
207687,0.996687
261721,0.959944
266159,0.976529
226635,0.876473
212979,0.974404
269573,0.997612
240502,0.717335
256504,0.732787
272548,0.987922
247871,0.980262
221939,0.994075
235759,0.998243
236909,0.715867
222608,0.992782
271363,0.880986
200140,0.796971
227628,0.963115
239424,0.98182
245818,0.982832
264806,0.905226
217253,0.994835
255541,0.861857
238167,0.962238
222066,0.724273
259262,0.978823
205178,0.968843
261337,0.896211
238253,0.993146
260719,0.926296
243029,0.954769
253658,0.887112
255983,0.995181
274162,0.857982
214241,0.996271
255730,0.980262
242879,0.920575
242864,0.95214
264267,0.969679
203015,0.878377
248048,0.99136
231444,0.987227
207331,0.988645
213707,0.88224
230070,0.991483
213294,0.998048
203922,0.879188
241417,0.763691
268851,0.980104
232813,0.985594
245399,0.893792
266886,0.989026
220823,0.802885
253167,0.984934
235650,0.916977
226659,0.998009
265708,0.981015
224021,0.89883
216754,0.996219
244369,0.889597
200162,0.915245
242048,0.744798
228117,0.987378
215622,0.994836
238143,0.899764
252960,0.997041
228842,0.983721
273391,0.823326
265430,0.906725
263963,0.952441
218620,0.981191
255237,0.993643
222406,0.717927
269591,0.963507
226269,0.890997
226391,0.987271
256561,0.873867
209466,0.778611
228481,0.905807
249660,0.825257
215930,0.963371
264349,0.999027
256519,0.855829
242612,0.964815
273529,0.881593
234573,0.908925
274993,0.895958
214468,0.900208
246292,0.949181
239031,0.96808
266704,0.881851
246417,0.744124
237545,0.712712
226193,0.894692
272292,0.8962
229908,0.921821
226459,0.974752
238276,0.955466
211385,0.706413
245804,0.867622
274388,0.976977
272878,0.884233
234980,0.801771
250721,0.982996
219045,0.852348
226803,0.747242
238452,0.987537
209179,0.724729
229162,0.983094
253101,0.911709
211308,0.974667
221648,0.991184
251637,0.906673
248343,0.984277
267370,0.956011
201925,0.952271
225675,0.913091
237753,0.993846
226686,0.903432
204930,0.749312
254370,0.894266
261831,0.994461
222741,0.872966
202003,0.981849
248925,0.99882
221463,0.885707
256139,0.924416
262399,0.847755
246895,0.834452
226544,0.879145
254338,0.873254
218440,0.871027
216304,0.838484
208179,0.91692
233199,0.949726
264492,0.869567
236900,0.993486
212534,0.976845
254304,0.921111
200179,0.972273
235341,0.976278
211786,0.845776
215058,0.82209
263672,0.905237
255977,0.862885
201996,0.864394
241236,0.995724
253528,0.946518
260319,0.965913
202159,0.883119
259060,0.908854
242291,0.853876
262799,0.990217
240029,0.998432
202186,0.986971
263302,0.991093
260572,0.885605
253950,0.892924
265382,0.996182
247634,0.941883
205419,0.982452
243018,0.843292
211063,0.993363
214395,0.896843
259361,0.995016
265118,0.990657
249570,0.942431
223844,0.966022
228393,0.981748
212288,0.908607
200066,0.816681
230003,0.868028
235961,0.990877
267844,0.901288
237643,0.915415
225351,0.850244
256403,0.984827
205976,0.885656
239900,0.99828
216717,0.881486
212723,0.99636
209519,0.900344
220195,0.907153
232120,0.892766
274678,0.983512
257804,0.994257
224982,0.856331
248640,0.901072
222403,0.998776
232018,0.996889
273331,0.879936
265108,0.899272
254305,0.995991
269786,0.912499
237352,0.82159
210079,0.887383
236989,0.845173
206743,0.907505
250906,0.796815
209309,0.751314
221010,0.854419
228149,0.849465
245776,0.981593
269676,0.955641
227122,0.898861
267039,0.887978
250832,0.721035
206526,0.996917
225492,0.94844
269534,0.949549
244319,0.856161
269398,0.731647
207806,0.980728
249615,0.967133
244403,0.870277
258379,0.846902
271159,0.984274
247878,0.976969
209930,0.983735
240665,0.877656
232058,0.893005
210126,0.988433
214757,0.943506
256654,0.891745
231149,0.966837
258539,0.922456
200857,0.978274
255965,0.924923
242534,0.890399
216949,0.966773
274116,0.877681
241181,0.977942
210049,0.882654
206956,0.743858
216443,0.879266
273900,0.86808
210517,0.988478
241174,0.998874
229823,0.874246
262831,0.887673
263727,0.888749
271079,0.953644
214132,0.832981
233986,0.987192
210069,0.915848
222190,0.959088
267291,0.942191
239206,0.87
213712,0.880085
257978,0.896574
226950,0.918432
270026,0.721148
204709,0.998119
237882,0.997147
224205,0.996185
258620,0.741768
223316,0.979692
208935,0.983167
205595,0.983791
213044,0.730757
251220,0.895446
272044,0.875857
209902,0.984376
257408,0.956382
208237,0.996378
203348,0.98743
249591,0.890176
251736,0.993387
259452,0.985782
269213,0.992962
248582,0.879441
271093,0.997372
247868,0.800374
223759,0.887967
240378,0.983093
234880,0.991766
255359,0.872548
204688,0.875326
266483,0.984515
248676,0.998865
235099,0.967043
270458,0.991116
223120,0.892456
232285,0.874028
212799,0.981125
265280,0.998954
228950,0.983151
219569,0.992957
268513,0.979953
251239,0.981339
234728,0.985177
269562,0.884007
226373,0.957391
221587,0.704414
210724,0.997042
204247,0.98628
209073,0.896174
254271,0.984807
266707,0.981178
257945,0.883105
254477,0.725294
232302,0.999387
213548,0.999117
241806,0.912907
200212,0.879472
271002,0.874639
227515,0.961791
254357,0.763133
237739,0.981537
265725,0.714668
245227,0.819927
261604,0.969022
248846,0.983735
220443,0.900891
228902,0.746425
268783,0.956628
254349,0.995688
215995,0.957389
226260,0.994249
217596,0.978457
244818,0.899885
218387,0.745954
207384,0.896391
251360,0.887302
220054,0.888572
266765,0.946051
206501,0.99442
209403,0.997677
248295,0.991957
205632,0.812779
268134,0.883713
247074,0.96667
203386,0.891841
223514,0.996447
215048,0.976393
206209,0.772617
208868,0.993834
250887,0.988935
272810,0.879862
271092,0.707676
267198,0.881505
233186,0.889649
273914,0.857099
249259,0.718536
215340,0.862209
236024,0.984885
247838,0.898914
246683,0.90593
207224,0.988442
245092,0.953831
257544,0.906007
220728,0.982567
236922,0.988301
211532,0.876013
247115,0.903547
228125,0.908718
213182,0.853495
206017,0.8668
242469,0.859566
254544,0.951613
208892,0.850404
227384,0.884148
214431,0.872792
202795,0.87972
263120,0.91425
212869,0.984753
233119,0.884799
238576,0.984341
200803,0.989646
232212,0.998358
204548,0.999428
254077,0.976336
202279,0.871119
229849,0.836646
211831,0.983981
219384,0.778194
261285,0.982753
221517,0.999207
245237,0.880081
225114,0.8786
240733,0.871476
249037,0.840102
273757,0.998006
203018,0.9987
208911,0.808668
256762,0.985776
256201,0.892465
202396,0.985198
226568,0.887948
237606,0.888136
246992,0.857048
237664,0.898465
265389,0.997556
201685,0.95063
263022,0.98527
263794,0.998302
240295,0.858249
274731,0.995966
243439,0.702143
245994,0.871772
254947,0.873989
210266,0.865035
245545,0.893151
231136,0.983596
243056,0.879345
225112,0.953093
206654,0.990502
223548,0.889426
221905,0.96435
252876,0.983375
230975,0.981369
220179,0.98101
224262,0.881158
260250,0.885581
207016,0.94451
228333,0.897549
265609,0.883754
251008,0.894193
256865,0.982955
251312,0.875012
243887,0.99538
268039,0.995492
264250,0.729156
252586,0.863187
201968,0.980962
257442,0.988003
245341,0.724333
210660,0.846358
245232,0.948987
265535,0.987307
253505,0.870621
240744,0.883772
215380,0.987986
237751,0.998418
227285,0.884919
254213,0.994821
251154,0.889038
205296,0.982096
264957,0.717022
267301,0.994343
216252,0.842364
230886,0.91659
206786,0.832872
219164,0.887959
204301,0.960434
215013,0.966353
233940,0.979984
274936,0.899272
262563,0.997765
257095,0.902409
255578,0.733533
216154,0.89182
219453,0.88461
213459,0.908651
241498,0.797602
235242,0.879501
245284,0.959567
268547,0.98354
209026,0.990197
256440,0.874411
206303,0.724709
226403,0.978887
245561,0.8714
226797,0.913826
210182,0.886658
242488,0.985033
239526,0.994337
220483,0.998166
222124,0.996249
226419,0.910216
236741,0.885656
200867,0.970901
247872,0.987023
241025,0.986012
239954,0.845895
218280,0.979001
214776,0.845518
207564,0.909488
257327,0.98175
218618,0.887251
260902,0.984031
210285,0.84542
253938,0.835754
221265,0.983346
228669,0.778018
259802,0.840346
239033,0.976027
231371,0.880882
230516,0.923937
234705,0.895877
260482,0.971009
228870,0.982406
211322,0.873011
222719,0.982884
271362,0.98549
266364,0.993124
274349,0.895079
209495,0.917857
211541,0.886145
201653,0.974851
243702,0.894981
258118,0.981905
253562,0.914245
203316,0.873486
262459,0.980358
257390,0.912484
213512,0.965021
249113,0.778435
224590,0.884585
251643,0.869592
213474,0.97341
255265,0.860176
238463,0.891415
256620,0.970516
239114,0.880559
218933,0.746639
267177,0.977721
267541,0.843398
251531,0.966704
265707,0.893362
205761,0.879962
245744,0.977902
223750,0.877091
206809,0.898078
230514,0.982949
250377,0.969676
254918,0.05687
259145,0.116057
265751,0.110876
268403,0.096927
259731,0.117176
201099,0.0196
262519,0.19409
270639,0.019773
229648,0.02039
263845,0.019673
233613,0.124537
249326,0.115181
257930,0.111941
232596,0.019551
249366,0.121064
269385,0.121361
265432,0.100951
260252,0.002141
232192,0.052126
256590,0.103503
234927,0.021549
245592,0.133094
242973,0.018613
239108,0.049851
270600,0.053347
272328,0.226033
272018,0.263209
222392,0.12404
211736,0.169701
201743,0.135143
244362,0.053683
231872,0.016078
243407,0.106408
253005,0.034016
260369,0.015143
249454,0.020484
226232,0.116807
204661,0.129527
242726,0.113239
270858,0.117679
202141,0.019281
264299,0.101791
239549,0.117645
232696,0.016042
215960,0.167406
256800,0.019753
218992,0.116696
239452,0.141677
235666,0.121075
260863,0.060887
265824,0.117843
238116,0.096656
233521,0.019756
250099,0.012865
218185,0.265644
272222,0.154705
258814,0.117901
225854,0.096478
259959,0.04921
269074,0.125585
274036,0.119719
211544,0.111657
259272,0.102437
230062,0.021753
221020,0.125708
270387,0.122739
227176,0.120139
209872,0.019726
204048,0.01359
265623,0.23442
270530,0.295619
274130,0.002661
261456,0.119445
204303,0.019903
222443,0.095231
204630,0.02301
209134,0.117749
261499,0.135424
202153,0.113894
227584,0.111656
238482,0.123619
229288,0.12032
201381,0.022678
248858,0.104455
213823,0.019377
204978,0.020205
254962,0.017155
214620,0.06678
228484,0.10885
247385,0.116229
257291,0.132126
258796,0.123887
272734,0.114894
235489,0.115009
219218,0.002295
269387,0.076388
230484,0.13396
260523,0.128715
270220,0.012343
244293,0.256249
248907,0.019878
266392,0.126211
202275,0.104764
217790,0.01296
260951,0.103192
241310,0.105926
229627,0.120092
271911,0.109132
213985,0.123614
267847,0.112893
216886,0.116398
267263,0.105209
224879,0.020935
224973,0.075744
255307,0.045819
206999,0.019996
242171,0.122023
205182,0.10352
260977,0.002249
203263,0.121075
206404,0.111378
221024,0.09716
254823,0.06074
221630,0.124876
258757,0.015339
200249,0.249817
267352,0.112115
271973,0.043036
263560,0.017135
245830,0.063239
274671,0.206289
267553,0.120989
210096,0.109275
232801,0.127844
254824,0.108695
215398,0.144695
237265,0.09762
229039,0.020894
202030,0.013626
223512,0.125684
255742,0.102361
242910,0.072119
204094,0.114552
214154,0.020969
263304,0.127505
201093,0.045938
240830,0.018793
213909,0.018738
202445,0.13454
202955,0.05024
232632,0.103963
202027,0.019054
240563,0.018826
231390,0.102292
247550,0.247461
274931,0.020636
232281,0.005399
255499,0.106465
215806,0.129255
261316,0.123133
258890,0.145715
217161,0.083371
211983,0.110966
266942,0.244363
217185,0.116367
202307,0.115276
236187,0.048461
264217,0.036782
230982,0.088997
223783,0.274821
229132,0.01976
241385,0.107898
210008,0.002167
205585,0.045209
213269,0.127271
253280,0.050925
209048,0.134593
219372,0.021208
204091,0.139039
200367,0.020043
269288,0.100162
217450,0.119873
241265,0.125865
227209,0.126772
259885,0.104835
211789,0.120874
243673,0.019014
227675,0.051073
255099,0.059981
234050,0.122712
206964,0.121248
220268,0.10417
222349,0.095542
213746,0.102627
238039,0.049099
229017,0.108999
223526,0.116466
207590,0.123591
244011,0.05608
208825,0.112329
220236,0.04691
255245,0.112187
240376,0.117261
200251,0.115426
218989,0.064663
227804,0.020357
257887,0.104093
233377,0.099586
241855,0.10151
222985,0.019205
215359,0.020248
227353,0.259541
218882,0.224406
200956,0.126852
215471,0.00235
273360,0.111782
217318,0.136961
266594,0.21936
260235,0.11038
213871,0.104165
225207,0.124925
212210,0.107625
206559,0.1121
246398,0.096429
230349,0.12148
239370,0.108366
208549,0.234913
210261,0.011499
218092,0.002432
264674,0.010171
257593,0.251357
208160,0.165439
208807,0.022688
272330,0.050935
214292,0.019901
205882,0.107606
236748,0.008967
270951,0.115995
248660,0.120959
259138,0.118318
218653,0.102819
244339,0.111734
268726,0.00275
224544,0.119717
248497,0.114203
241335,0.123518
244779,0.031417
272526,0.085084
211933,0.283393
223674,0.117112
200199,0.255526
258143,0.009805
211120,0.023411
220771,0.139583
239505,0.1299
262153,0.004947
213891,0.020946
242429,0.002517
202851,0.089659
234845,0.05521
256702,0.228337
205146,0.171318
256123,0.02012
200467,0.05063
205357,0.019583
272462,0.099799
267747,0.114703
210586,0.09042
205784,0.103654
236806,0.103484
214432,0.129138
243814,0.006647
238753,0.244088
217822,0.109655
257428,0.105683
218664,0.221124
211771,0.019226
262720,0.007017
248170,0.104401
266544,0.130065
268325,0.017419
230279,0.021242
233656,0.132137
242496,0.218201
255355,0.101735
214877,0.014101
255247,0.222441
228951,0.125841
256305,0.221229
249673,0.12326
230559,0.020325
242904,0.116646
263096,0.100162
266378,0.116528
217171,0.099968
224289,0.012158
238936,0.024276
225292,0.137342
245928,0.019226
230254,0.053582
247162,0.112099
248021,0.117608
256753,0.111562
272237,0.130419
263488,0.292463
245679,0.020839
222333,0.019501
271229,0.020267
260232,0.129235
214708,0.045684
259602,0.118382
250391,0.116992
262969,0.111414
222541,0.201863
242084,0.114344
247610,0.131049
263505,0.073542
202961,0.214834
242770,0.054531
249942,0.020325
203694,0.049846
235265,0.113547
255262,0.049776
257099,0.250698
256462,0.127567
262696,0.239383
207453,0.115805
201136,0.059644
220854,0.005436
224196,0.105683
271448,0.259413
242676,0.272042
262364,0.025169
215680,0.020368
204194,0.101929
215309,0.020761
242759,0.00293
228785,0.120807
246287,0.104886
260084,0.240683
234215,0.043395
243502,0.263428
203089,0.111809
254632,0.075896
247948,0.005599
243410,0.132939
212642,0.109074
217791,0.021255
258360,0.099713
223009,0.111839
224219,0.108605
266937,0.050478
248740,0.121744
222780,0.102615
225008,0.108474
258112,0.103451
230411,0.020741
217533,0.018367
272232,0.122023
240272,0.198882
227157,0.231561
210498,0.145409
266867,0.013783
224626,0.114296
204002,0.112807
215506,0.020301
252678,0.079047
220324,0.131479
240968,0.25814
220223,0.115322
247547,0.002142
228116,0.243288
237907,0.216974
203614,0.128682
254695,0.031959
203692,0.019736
223678,0.020553
269526,0.128455
215461,0.266793
241833,0.113348
204892,0.219037
217492,0.002065
208408,0.426054
241683,0.683856
200457,0.473204
264900,0.471511
202608,0.553096
229862,0.396462
255191,0.380524
239253,0.457266
238328,0.498791
254073,0.320759
270136,0.500561
219831,0.489254
214148,0.300912
270635,0.470343
264738,0.44117
214046,0.472353
241989,0.675397
248663,0.493379
268833,0.463117
253393,0.497406
227235,0.538787
220267,0.473587
238623,0.484283
244106,0.398625
213275,0.685484
215191,0.499701
247956,0.471018
273202,0.339522
251842,0.67735
263939,0.490578
223342,0.455535
263758,0.699722
201337,0.515659
232904,0.564942
251260,0.480736
200618,0.475863
274625,0.450673
231721,0.488696
200214,0.455834
220158,0.478816
274950,0.515178
273127,0.446297
229783,0.450604
202945,0.679977
268395,0.457583
255985,0.633048
205238,0.429382
236544,0.456405
258898,0.40681
214017,0.44842
218873,0.466325
260744,0.503705
208769,0.529959
237523,0.485525
265436,0.699716
274265,0.473742
253885,0.486097
226857,0.696216
273569,0.695129
231235,0.473742
217331,0.692221
248008,0.305056
250273,0.491436
242596,0.446837
245821,0.51119
231710,0.467491
220859,0.414132
271243,0.545445
234175,0.694472
239697,0.506413
235929,0.448431
247072,0.524729
262635,0.434348
264344,0.49263
210698,0.690657
200557,0.417909
267569,0.516782
231112,0.69013
251958,0.607559
222568,0.393311
256988,0.468633
205184,0.463684
227445,0.475931
274913,0.558585
228561,0.492766
265714,0.4788
212081,0.494791
214464,0.454097
256990,0.47557
246899,0.427913
263921,0.496013
218345,0.508667
243668,0.491606
226579,0.485382
270051,0.489493
268938,0.427855
239308,0.495453
268364,0.481828
213910,0.356354
203454,0.505499
224429,0.511208
242634,0.51485
252173,0.481728
219396,0.448337
212326,0.454345
273565,0.513087
244266,0.436898
211243,0.409091
270490,0.539265
263368,0.477605
240788,0.693515
222570,0.459724
222437,0.521519
217142,0.470425
268391,0.457042
258273,0.445782
268531,0.40911
218690,0.494742
225718,0.47203
220252,0.538195
271784,0.410826
246577,0.46459
237715,0.688366
271336,0.506619
209757,0.514049
245299,0.495435
219986,0.499604
210661,0.430841
233494,0.501868
250846,0.367128
214950,0.491241
234585,0.488445
212018,0.495026
259292,0.30006
246801,0.4282
273880,0.558756
204390,0.524922
245752,0.498506
246919,0.5343
233201,0.481939
264302,0.694559
249281,0.48551
250063,0.449609
268307,0.481733
268857,0.543965
212989,0.494214
203829,0.409859
208625,0.48507
255333,0.510064
247028,0.482344
204595,0.414643
213340,0.690486
216367,0.405751
225253,0.551526
217758,0.430955
209252,0.511402
236195,0.480205
237323,0.526419
260377,0.488586
259740,0.473605
253511,0.481008
274982,0.483223
228487,0.451237
262576,0.481572
238119,0.485658
230834,0.460332
211126,0.527375
203061,0.692592
257475,0.496236
258454,0.452086
207783,0.48312
259429,0.553627
256404,0.487702
241872,0.691437
270929,0.511358
272793,0.392546
214906,0.516309
222327,0.469761
207167,0.499188
221717,0.503019
265339,0.485832
248475,0.446777
227072,0.533788
230416,0.435633
205281,0.318006
224861,0.457154
227521,0.324471
210529,0.517382
202001,0.682809
238760,0.465937
265391,0.669799
227932,0.520153
213867,0.528507
218976,0.588273
267267,0.485093
259947,0.409586
221439,0.462319
204349,0.513408
200923,0.599786
248485,0.530768
244744,0.449859
213695,0.495334
217629,0.682568
244113,0.494401
266508,0.443805
232633,0.500413
200515,0.458807
209093,0.547221
220999,0.428266
221945,0.527776
260240,0.694047
226767,0.476814
226537,0.486137
244038,0.51391
253472,0.494081
236557,0.397595
231114,0.450613
273533,0.601331
229792,0.464657
245013,0.455066
269069,0.474355
210027,0.4504
272602,0.458183
202519,0.455108
217689,0.476507
247905,0.470735
251014,0.467367
250595,0.425429
243683,0.421646
202241,0.477505
205568,0.430481
237815,0.516083
260953,0.351362
262124,0.424507
221321,0.441982
258181,0.544539
266021,0.486966
255614,0.495525
221558,0.501261
260182,0.434582
220545,0.469109
212358,0.536952
202605,0.493745
224856,0.515684
229623,0.473742
214724,0.456837
263946,0.648219
274717,0.479526
252852,0.474759
273113,0.584858
217214,0.508495
214428,0.458297
200362,0.461983
250882,0.482736
223603,0.476566
231196,0.465944
245712,0.437295
226379,0.485832
236683,0.487764
205284,0.314345
246296,0.487833
217518,0.480694
202294,0.472549
207639,0.416855
256967,0.589579
250085,0.53736
262316,0.64424
217789,0.645456
260009,0.450163
207173,0.690923
268574,0.453472
264011,0.46846
272288,0.489638
208278,0.447024
246661,0.467432
261497,0.468308
222262,0.534729
222344,0.470201
220489,0.494003
241271,0.51981
204917,0.693453
260245,0.519256
232684,0.437618
211593,0.567549
201780,0.496381
256712,0.476814
235525,0.426451
268334,0.483742
266705,0.471376
218583,0.492527
272307,0.486627
270608,0.495707
266907,0.452501
244255,0.519324
251667,0.505109
274921,0.464856
250789,0.538658
254031,0.30505
209871,0.484758
262789,0.497469
237395,0.476151
238003,0.472126
242992,0.47557
255957,0.00202
235953,0.062628
215715,0.008613
222120,0.936378
232037,0.927533
